product-link href,expandable-text__inner-content,product-detail-composition
https://www.zara.com/de/en/herringbone-straight-leg-jeans-p00840418.html,Straight-leg jeans with an irregular texture. Front pockets and patch pocket detail on the back. Front zip and button fastening.,Composition: 100% cotton
https://www.zara.com/de/en/textured-knit-polo-shirt-p02142417.html,Relaxed fit knit polo shirt made of textured yarn. Lapel collar with front opening. Short sleeves. Ribbed trims.,"Composition: 84% cotton, 16% polyamide"
https://www.zara.com/de/en/double-breasted-button-blazer-p04518907.html,Relaxed fit blazer. Featuring a peak lapel collar and long sleeves finished with buttoned cuffs. Hip flap pockets and inside pocket detail. Hem with vent at the centre back. Double-breasted metal button fastening at the front.,
https://www.zara.com/de/en/100-linen-shirt-p03090123.html,Relaxed fit linen shirt. Bowling collar and short sleeves. Hem with side vents. Button fastening.,Composition: 100% linen
https://www.zara.com/de/en/crochet-textured-shirt-p03772410.html,Relaxed fit shirt made of open textured fabric. Camp collar and short sleeves. Button-up front.,"Composition: 83% cotton, 17% polyester"
https://www.zara.com/de/en/basic-slim-fit-t-shirt-p05584361.html,Slim fit T-shirt. Round neck and short sleeve.,"Composition: 95% cotton, 5% elastane"
https://www.zara.com/de/en/heavy-weight-t-shirt-p04087484.html,Relaxed fit T-shirt made of compact cotton. Featuring a round neck and short sleeves.,Composition: 100% cotton
https://www.zara.com/de/en/100-linen-shirt-p03090123.html,Relaxed fit linen shirt. Bowling collar and short sleeves. Hem with side vents. Button fastening.,Composition: 100% linen
https://www.zara.com/de/en/heavy-weight-t-shirt-p04087484.html,Relaxed fit T-shirt made of compact cotton. Featuring a round neck and short sleeves.,Composition: 100% cotton
https://www.zara.com/de/en/100-linen-shirt-p03090123.html,Relaxed fit linen shirt. Bowling collar and short sleeves. Hem with side vents. Button fastening.,Composition: 100% linen
https://www.zara.com/de/en/100-linen-shirt-p03090123.html,Relaxed fit linen shirt. Bowling collar and short sleeves. Hem with side vents. Button fastening.,Composition: 100% linen
https://www.zara.com/de/en/linen-cotton-polo-shirt-p04853411.html,Regular fit polo shirt made of linen and cotton blend fabric. Lapel collar with button-up front. Long sleeves.,"Composition: 60% linen, 40% cotton"
https://www.zara.com/de/en/100-linen-bermuda-shorts-p05070118.html,Regular fit Bermuda shorts in linen. Featuring an elasticated drawstring waistband and front pleats. Front pockets and patch pockets on the back.,Composition: 100% linen
https://www.zara.com/de/en/100-linen-bermuda-shorts-p05070118.html,Regular fit Bermuda shorts in linen. Featuring an elasticated drawstring waistband and front pleats. Front pockets and patch pockets on the back.,Composition: 100% linen
https://www.zara.com/de/en/pinstripe-suit-blazer-p04515908.html,Relaxed fit blazer. Notched lapel collar. Long sleeves with buttoned cuffs. Hip flap pockets. Inside pocket detail. Hem with vents at the back. Double-breasted front fastening.,
https://www.zara.com/de/en/pinstriped-suit-trousers-p04516908.html,Straight-leg trousers. Featuring front pockets and welt back pocket detail. Zip fly and button fastening.,"Composition: 60% polyester, 24% viscose, 14% wool, 2% elastane"
https://www.zara.com/de/en/100-linen-bermuda-shorts-p05070118.html,Regular fit Bermuda shorts in linen. Featuring an elasticated drawstring waistband and front pleats. Front pockets and patch pockets on the back.,Composition: 100% linen
https://www.zara.com/de/en/flare-fit-jeans-p05585444.html,Flare fit jeans. Five pockets. Washed effect. Uneven hem. Zip fly and button fastening.,Composition: 100% cotton
https://www.zara.com/de/en/relaxed-fit-seersucker-trousers-p04092437.html,Relaxed fit trousers made in a fabric with stretch. Elastic waistband adjustable with drawstrings. Front pleats. Front pockets and rear welt pocket detail.,"Composition: 96% cotton, 4% elastane"
https://www.zara.com/de/en/basic-trainers-p12200520.html,Basic lace-up trainers. Plain upper. Contrast lining and insole.,
https://www.zara.com/de/en/classic-flare-fit-jeans-p00840439.html,Flare fit jeans. Five pockets. Washed effect. Raw hem. Zip fly and button fastening.,Composition: 100% cotton
https://www.zara.com/de/en/relaxed-fit-raised-shirt-p00881412.html,"Relaxed fit shirt made from a rustic textured cotton fabric. Featuring a camp collar, short sleeves, a contrasting front appliqué tape detail, side vents at the hem and a button-up front.",Composition: 100% cotton
https://www.zara.com/de/en/relaxed-fit-bermuda-shorts-p09252406.html,Relaxed fit Bermuda shorts made from a cotton fabric. Elasticated waistband with an adjustable inner drawstring. Front pockets and a back patch pocket.,"Composition: 98% cotton, 2% elastane"
https://www.zara.com/de/en/relaxed-fit-bermuda-shorts-p09252406.html,Relaxed fit Bermuda shorts made from a cotton fabric. Elasticated waistband with an adjustable inner drawstring. Front pockets and a back patch pocket.,"Composition: 98% cotton, 2% elastane"
https://www.zara.com/de/en/relaxed-fit-bermuda-shorts-p09252406.html,Relaxed fit Bermuda shorts made from a cotton fabric. Elasticated waistband with an adjustable inner drawstring. Front pockets and a back patch pocket.,"Composition: 98% cotton, 2% elastane"
https://www.zara.com/de/en/relaxed-fit-bermuda-shorts-p09252406.html,Relaxed fit Bermuda shorts made from a cotton fabric. Elasticated waistband with an adjustable inner drawstring. Front pockets and a back patch pocket.,"Composition: 98% cotton, 2% elastane"
https://www.zara.com/de/en/100-linen-pleated-trousers-p04410234.html,Regular fit trousers made in linen fabric. Waistband with front pleat detail. Front pockets and rear welt pocket detail. Zip fly and button fastening.,Composition: 100% linen
https://www.zara.com/de/en/basic-slim-fit-t-shirt-p05584361.html,Slim fit T-shirt. Round neck and short sleeve.,"Composition: 95% cotton, 5% elastane"
https://www.zara.com/de/en/100-linen-pleated-trousers-p04410234.html,Regular fit trousers made in linen fabric. Waistband with front pleat detail. Front pockets and rear welt pocket detail. Zip fly and button fastening.,Composition: 100% linen
https://www.zara.com/de/en/textured-crochet-shirt-p07200420.html,Relaxed fit shirt made of open textured fabric. Camp collar and short sleeves. Button-up front.,"Composition: 95% polyester, 5% polyamide"
https://www.zara.com/de/en/regular-fit-cotton-jacket-p04725343.html,"Regular fit cotton jacket. Featuring a lapel collar, long sleeves with buttoned cuffs, welt pockets at the hip and a zip fastening at the front.",Composition: 100% cotton
https://www.zara.com/de/en/baggy-fit-bermuda-jorts-p04365409.html,Baggy fit denim Bermuda shorts. Five-pocket design. Faded effect. Raw hems. Zip fly and button fastening.,"Composition: 80% cotton, 20% lyocell"
https://www.zara.com/de/en/textured-crochet-shirt-p07200420.html,Relaxed fit shirt made of open textured fabric. Camp collar and short sleeves. Button-up front.,"Composition: 95% polyester, 5% polyamide"
https://www.zara.com/de/en/cotton-lyocell-pleated-trousers-p06861419.html,"Straight-leg trousers made of a cotton and lyocell blend. Featuring front pleats at the waist, front pockets, buttoned welt pockets at the back and zip fly and top button fastening.","Composition: 70% lyocell, 30% cotton"
https://www.zara.com/de/en/floral-print-shirt-p04622300.html,"Relaxed fit flowing shirt made with viscose, lyocell and 17% linen. Camp collar and short sleeves. Button-up front.","Composition: 45% viscose, 37% lyocell, 18% linen"
https://www.zara.com/de/en/regular-fit-cotton-jacket-p04725343.html,"Regular fit cotton jacket. Featuring a lapel collar, long sleeves with buttoned cuffs, welt pockets at the hip and a zip fastening at the front.",Composition: 100% cotton
https://www.zara.com/de/en/casual-leather-loafers-p12613520.html,Casual loafers. Leather upper with a split suede finish. Plain design with moc toe detail. Round toe. Contrast sole.,
https://www.zara.com/de/en/textured-jacquard-shirt-p02878310.html,Relaxed fit viscose shirt. Camp collar and short sleeves. Button-up front.,"Composition: 85% cotton, 8% viscose, 7% polyester"
https://www.zara.com/de/en/geometric-jacquard-shirt-p01618375.html,Relaxed-fit shirt made of a viscose and cotton blend. Camp collar and short sleeves. Hem with side vents. Button-up front.,"Composition: 55% viscose, 45% cotton"
https://www.zara.com/de/en/wide-fit-jogging-trousers-p00761440.html,"Wide-leg jogging trousers in a cotton fabric with a terry lining. Featuring an adjustable drawstring elasticated waistband, side pockets and a rear patch pocket.","Composition: 56% polyester, 44% cotton"
https://www.zara.com/de/en/geometric-print-jacquard-bermuda-shorts-p01618376.html,Relaxed fit Bermuda shorts made of a viscose and cotton blend fabric. Adjustable elasticated waistband with drawstring. Side pockets and rear welt pockets.,"Composition: 55% viscose, 45% cotton"
https://www.zara.com/de/en/limited-edition-suede-leather-jacket-p04416403.html,"Relaxed fit suede leather jacket with a spray-effect finish. Featuring a lapel collar, long sleeves with elasticated cuffs, concealed hip pockets in the front seam, elasticated hem and zip-up front.

This garment has a unique appearance thanks to its special finishing process. For this reason, its colour may differ slightly from that shown in the photo.

A limited edition of key pieces that redefine today's wardrobe essentials. Designed to sculpt a classic silhouette, reinterpreting archive classics from the 90s.",
https://www.zara.com/de/en/vertical-textured-polo-shirt-p00526460.html,Regular fit polo shirt. Lapel collar with front opening. Short sleeves. Ribbed hem.,
https://www.zara.com/de/en/textured-jogger-bermuda-shorts-p03992406.html,Relaxed fit Bermuda shorts. Elasticated drawstring waistband. Front pockets and a rear patch pocket.,"Composition: 56% polyester, 44% cotton"
https://www.zara.com/de/en/textured-jogger-bermuda-shorts-p03992406.html,Relaxed fit Bermuda shorts. Elasticated drawstring waistband. Front pockets and a rear patch pocket.,"Composition: 56% polyester, 44% cotton"
https://www.zara.com/de/en/pearl-knit-polo-shirt-with-zip-p03284446.html,Regular fit knitted cotton polo shirt. Lapel collar with front zip fastening. Short sleeves. Ribbed trims.,Composition: 100% cotton
https://www.zara.com/de/en/zip-up-flowing-jacket-p01437408.html,Relaxed fit jacket made of viscose blend fabric. Lapel collar and long sleeves with buttoned cuffs. Welt pockets on the hips. Elasticated hem. Zip-up fastening at the front.,
https://www.zara.com/de/en/leather-effect-overshirt-p05070308.html,"Relaxed fit overshirt in a leather effect fabric. Featuring a lapel collar, short sleeves, a chest patch pocket, side vents on the hem and a press-stud fastening on the front.",
https://www.zara.com/de/en/relaxed-fit-flowing-shirt-p07545400.html,Relaxed fit shirt made of a viscose blend. Camp collar and short sleeves. Featuring side vents at the hem and a button-up front.,"Composition: 86% viscose, 14% polyamide"
https://www.zara.com/de/en/straight-leg-denim-bermuda-shorts-p08062480.html,Straight-leg denim Bermuda shorts made from cotton denim. Five-pocket design. Washed effect. Zip fly and top button fastening.,Composition: 100% cotton
https://www.zara.com/de/en/relaxed-fit-flowing-shirt-p07545400.html,Relaxed fit shirt made of a viscose blend. Camp collar and short sleeves. Featuring side vents at the hem and a button-up front.,"Composition: 86% viscose, 14% polyamide"
https://www.zara.com/de/en/straight-fit-jeans-with-topstitching-p07223401.html,"Straight-leg jeans in unwashed cotton denim. This gives them a stiff appearance the first few times they are worn, which will soften over time with wear.

Front pockets and patch back pockets. Contrast topstitching. Zip fly and button fastening.",Composition: 100% cotton
https://www.zara.com/de/en/straight-leg-denim-bermuda-shorts-p08062480.html,Straight-leg denim Bermuda shorts made from cotton denim. Five-pocket design. Washed effect. Zip fly and top button fastening.,Composition: 100% cotton
https://www.zara.com/de/en/suede-leather-overshirt-p04416308.html,"Regular fit suede leather overshirt. Featuring a collar, long sleeves with buttoned cuffs, patch pockets at the hip and a button-up front.",Composition: 100% goat leather
https://www.zara.com/de/en/baggy-fit-denim-bermuda-shorts-p05585400.html,Baggy fit denim Bermuda shorts. Five-pocket design. Faded effect. Zip fly and top button fastening.,Composition: 100% cotton
https://www.zara.com/de/en/100-linen-trousers-p01063303.html,"Regular fit linen trousers. Featuring front pleats, front pockets, buttoned rear welt pockets and zip fly and top button fastening.",Composition: 100% linen
https://www.zara.com/de/en/leather-penny-loafers-p12617520.html,Formal loafers. Leather upper. Penny strap detail on the instep. Rounded toe. Contrast sole with slight heel.,
https://www.zara.com/de/en/regular-fit-chino-trousers-p00706869.html,Regular fit trousers made of stretch cotton. Front pockets and buttoned welt back pockets. Zip fly and button fastening.,"Composition: 97% cotton, 3% elastane"
https://www.zara.com/de/en/baggy-fit-denim-bermuda-shorts-p05585400.html,Baggy fit denim Bermuda shorts. Five-pocket design. Faded effect. Zip fly and top button fastening.,Composition: 100% cotton
https://www.zara.com/de/en/baggy-fit-denim-bermuda-shorts-p05585400.html,Baggy fit denim Bermuda shorts. Five-pocket design. Faded effect. Zip fly and top button fastening.,Composition: 100% cotton
https://www.zara.com/de/en/slim-fit-comfort-trousers-p06861441.html,"Trousers made from highly elastic fabric. Featuring an elastic waistband, front pockets and rear welt pockets. Zip fly and top button fastening.","Composition: 64% polyester, 34% viscose, 2% elastane"
https://www.zara.com/de/en/ribbed-knit-polo-shirt-p07140410.html,Regular fit knitted cotton yarn polo shirt. Shirt collar with front button fastening and short sleeves. Ribbed trims.,Composition: 100% cotton
https://www.zara.com/de/en/ribbed-knit-polo-shirt-p07140410.html,Regular fit knitted cotton yarn polo shirt. Shirt collar with front button fastening and short sleeves. Ribbed trims.,Composition: 100% cotton
https://www.zara.com/de/en/ribbed-knit-polo-shirt-p07140410.html,Regular fit knitted cotton yarn polo shirt. Shirt collar with front button fastening and short sleeves. Ribbed trims.,Composition: 100% cotton
https://www.zara.com/de/en/baggy-fit-denim-bermuda-shorts-p04806406.html,Baggy fit denim Bermuda shorts. Five pockets. Washed effect. Zip fly and button fastening.,Composition: 100% cotton
https://www.zara.com/de/en/regular-seersucker-swimming-trunks-p08574405.html,"Swimming trunks made from textured technical fabric. Elasticated drawstring waistband. Front pockets and rear welt pockets. Hem with side slits. Lining.

Length of inner leg seam: 11 cm. / 4.3″
Length of outer leg seam: 36 cm. / 14.1″",
https://www.zara.com/de/en/basic-long-swimming-trunks-p08574424.html,"Swimming trunks made from technical fabric with a velvety finish. Elasticated drawstring waistband. Side pockets and a back patch pocket. Lining.

Length of inner leg seam: 12 cm. / 4.7″
Length of outer leg seam: 39 cm. / 15.3″",
https://www.zara.com/de/en/regular-seersucker-swimming-trunks-p08574405.html,"Swimming trunks made from textured technical fabric. Elasticated drawstring waistband. Front pockets and rear welt pockets. Hem with side slits. Lining.

Length of inner leg seam: 11 cm. / 4.3″
Length of outer leg seam: 36 cm. / 14.1″",
https://www.zara.com/de/en/textured-polo-shirt-p04092400.html,Regular fit polo shirt. Lapel collar and front button fastening. Short sleeves.,Composition: 100% cotton
https://www.zara.com/de/en/textured-knit-polo-shirt-p03332405.html,Regular fit knitted cotton polo shirt. Shirt collar with front opening. Short sleeves. Ribbed trims.,Composition: 100% cotton
https://www.zara.com/de/en/contrast-relaxed-fit-jacket-p03286407.html,"Relaxed fit jacket made of a cotton blend fabric. Featuring a lapel collar, long sleeves, welt pockets at the hip, hem with contrast topstitched dart detail and front zip fastening.",
https://www.zara.com/de/en/textured-knit-polo-shirt-p03332405.html,Regular fit knitted cotton polo shirt. Shirt collar with front opening. Short sleeves. Ribbed trims.,Composition: 100% cotton
https://www.zara.com/de/en/linen-trousers-p04410010.html,Regular fit trousers made of linen fabric. Elastic waistband. Front pockets and rear welt pocket detail. Zip fly and top button fastening.,Composition: 100% linen
https://www.zara.com/de/en/slim-fit-jeans-p00774340.html,Faded slim fit jeans with a five-pocket design. Zip fly and button fastening.,"Composition: 98% cotton, 2% elastane"
https://www.zara.com/de/en/slim-fit-jeans-p00774340.html,Faded slim fit jeans with a five-pocket design. Zip fly and button fastening.,"Composition: 98% cotton, 2% elastane"
https://www.zara.com/de/en/100-linen-trousers-p04410010.html,Regular fit trousers made of linen fabric. Elastic waistband. Front pockets and rear welt pocket detail. Zip fly and top button fastening.,Composition: 100% linen
https://www.zara.com/de/en/knit-cotton---silk-polo-shirt-p00077412.html,Regular fit knit polo shirt made of a spun cotton and silk blend. Lapel collar with front button fastening. Short sleeves. Ribbed trims.,"Composition: 70% cotton, 30% silk (mulberry)"
https://www.zara.com/de/en/relaxed-straight-leg-jeans-p03991477.html,"Relaxed fit, straight-leg jeans in cotton denim. Five pockets. Faded effect. Button fly.",Composition: 100% cotton
https://www.zara.com/de/en/relaxed-fit-pleated-trousers-p06861554.html,Relaxed fit trousers. Waist with front pleats. Front pockets and rear welt pockets. Zip fly and top button fastening.,"Composition: 75% polyester, 19% viscose, 6% elastane"
https://www.zara.com/de/en/slim-fit-tapered-jeans-p04060475.html,Slim fit tapered jeans with five pockets. Featuring a faded effect and a zip fly with button fastening.,Composition: 100% cotton
https://www.zara.com/de/en/boxy-fit-overshirt-p07484553.html,"Boxy fit overshirt. Featuring a lapel collar, long sleeves with buttoned cuffs, hip patch pockets and a button-up front.",
https://www.zara.com/de/en/slim-fit-tapered-jeans-p04060475.html,Slim fit tapered jeans with five pockets. Featuring a faded effect and a zip fly with button fastening.,Composition: 100% cotton
https://www.zara.com/de/en/comfort-bermuda-shorts-p02634551.html,Bermuda shorts featuring an adjustable elasticated waistband with drawstrings. Front pleats. Front pockets and rear welt pockets. Turn-up hems.,"Composition: 74% polyester, 23% viscose, 3% elastane"
https://www.zara.com/de/en/washed-relaxed-fit-sweatshirt-p00962421.html,"Relaxed fit sweatshirt. Round neck and short sleeves. Uneven hem. Washed effect.

This garment has a unique appearance thanks to its special washing process. For this reason, its colour may vary slightly from that shown in the photo.",Composition: 100% cotton
https://www.zara.com/de/en/100-linen-shirt-p03090010.html,"Regular fit linen shirt. Featuring a lapel collar, long sleeves with buttoned cuffs and a button-up front.",Composition: 100% linen
https://www.zara.com/de/en/100-linen-shirt-p03090010.html,"Regular fit linen shirt. Featuring a lapel collar, long sleeves with buttoned cuffs and a button-up front.",Composition: 100% linen
https://www.zara.com/de/en/100-linen-shirt-p03090010.html,"Regular fit linen shirt. Featuring a lapel collar, long sleeves with buttoned cuffs and a button-up front.",Composition: 100% linen
https://www.zara.com/de/en/100-linen-shirt-p03090010.html,"Regular fit linen shirt. Featuring a lapel collar, long sleeves with buttoned cuffs and a button-up front.",Composition: 100% linen
https://www.zara.com/de/en/textured-check-shirt-p06103440.html,Relaxed fit cotton shirt. Collared with short sleeves and a button-up front.,Composition: 100% cotton
https://www.zara.com/de/en/patchwork-flare-fit-jeans-p04048434.html,Flare fit jeans. Five-pocket design. Ripped effect wash on the legs. Raw hem. Zip fly and top button fastening.,Composition: 100% cotton
https://www.zara.com/de/en/easy-care-jogger-waist-trousers-p00706870.html,"Trousers with an elastic waistband and adjustable drawstrings. Featuring side pockets, rear welt pockets and turn-up hems.","Composition: 79% polyester, 17% viscose, 4% elastane"
https://www.zara.com/de/en/textured-comfort-trousers-p00706648.html,Slim-fit trousers made of two-way stretchy fabric. Front pockets and rear welt pockets with button detail. Front zip fly and top button fastening.,"Composition: 63% polyester, 32% viscose, 5% elastane"
https://www.zara.com/de/en/straight-leg-jeans-p08062410.html,"Straight-leg jeans, slightly looser fitting than our regular straight-leg style. Five pockets. Faded effect. Button fly.",Composition: 100% cotton
https://www.zara.com/de/en/slim-fit-comfort-trousers-p06861441.html,"Trousers made from highly elastic fabric. Featuring an elastic waistband, front pockets and rear welt pockets. Zip fly and top button fastening.","Composition: 64% polyester, 34% viscose, 2% elastane"
https://www.zara.com/de/en/textured-comfort-trousers-p00706648.html,Slim-fit trousers made of two-way stretchy fabric. Front pockets and rear welt pockets with button detail. Front zip fly and top button fastening.,"Composition: 63% polyester, 32% viscose, 5% elastane"
https://www.zara.com/de/en/textured-comfort-overshirt-p04333400.html,"Relaxed fit overshirt made from stretch fabric. Featuring a collared neckline, long sleeves with buttoned cuffs, flap patch pockets on the chest and welt pockets on the hips. Button-up front.","Composition: 57% cotton, 40% polyester, 3% elastane"
https://www.zara.com/de/en/leather-effect-jacket-p08281401.html,Relaxed fit jacket in a leather-effect fabric. Lapel collar and long sleeves with popper cuffs. Welt pockets at the hip. Popper fastening at the front.,
https://www.zara.com/de/en/jacket-with-bound-seams-p03046360.html,"Regular fit jacket made of compact technical fabric. Featuring a lapel collar, long sleeves with buttoned cuffs, double welt pockets at the hip, and bound inner seams. Unlined. Zip-up front.",Composition: 100% cotton
https://www.zara.com/de/en/cropped-fit-jacket-p04272272.html,Cropped fit jacket made of viscose fabric. Lapel collar and long sleeves with buttoned cuffs. Welt pockets on the hips. Zip fastening at the front.,
https://www.zara.com/de/en/leather-effect-jacket-p08281401.html,Relaxed fit jacket in a leather-effect fabric. Lapel collar and long sleeves with popper cuffs. Welt pockets at the hip. Popper fastening at the front.,
https://www.zara.com/de/en/straight-leg-jeans-p08062410.html,"Straight-leg jeans, slightly looser fitting than our regular straight-leg style. Five pockets. Faded effect. Button fly.",Composition: 100% cotton
https://www.zara.com/de/en/relaxed-fit-zip-up-overshirt-p08574370.html,"Relaxed fit overshirt made from a cotton blend fabric. Featuring a lapel collar, long sleeves with buttoned cuffs, chest patch pockets with flaps, side pockets and a zip fastening.","Composition: 98% cotton, 2% elastane"
https://www.zara.com/de/en/relaxed-fit-zip-up-overshirt-p08574370.html,"Relaxed fit overshirt made from a cotton blend fabric. Featuring a lapel collar, long sleeves with buttoned cuffs, chest patch pockets with flaps, side pockets and a zip fastening.","Composition: 98% cotton, 2% elastane"
https://www.zara.com/de/en/basic-ribbed-tank-top-p04087453.html,Slim fit T-shirt. Wide round neck and armhole sleeves.,"Composition: 95% cotton, 5% elastane"
https://www.zara.com/de/en/straight-leg-jeans-p08062410.html,"Straight-leg jeans, slightly looser fitting than our regular straight-leg style. Five pockets. Faded effect. Button fly.",Composition: 100% cotton
https://www.zara.com/de/en/basic-ribbed-tank-top-p04087453.html,Slim fit T-shirt. Wide round neck and armhole sleeves.,"Composition: 95% cotton, 5% elastane"
https://www.zara.com/de/en/straight-leg-jeans-p08062410.html,"Straight-leg jeans, slightly looser fitting than our regular straight-leg style. Five pockets. Faded effect. Button fly.",Composition: 100% cotton
https://www.zara.com/de/en/relaxed-fit-zip-up-overshirt-p08574370.html,"Relaxed fit overshirt made from a cotton blend fabric. Featuring a lapel collar, long sleeves with buttoned cuffs, chest patch pockets with flaps, side pockets and a zip fastening.","Composition: 98% cotton, 2% elastane"
https://www.zara.com/de/en/pearl-knit-polo-shirt-with-zip-p03284446.html,Regular fit knitted cotton polo shirt. Lapel collar with front zip fastening. Short sleeves. Ribbed trims.,Composition: 100% cotton
https://www.zara.com/de/en/pearl-knit-polo-shirt-with-zip-p03284446.html,Regular fit knitted cotton polo shirt. Lapel collar with front zip fastening. Short sleeves. Ribbed trims.,Composition: 100% cotton
https://www.zara.com/de/en/pearl-knit-polo-shirt-with-zip-p03284446.html,Regular fit knitted cotton polo shirt. Lapel collar with front zip fastening. Short sleeves. Ribbed trims.,Composition: 100% cotton
https://www.zara.com/de/en/slim-fit-suit-trousers-p04426254.html,"Slim fit trousers made of a viscose blend. Featuring front pockets, back buttoned jetted pockets and front zip and button fastening.","Composition: 62% polyester, 33% viscose, 5% elastane"
https://www.zara.com/de/en/slim-fit-suit-blazer-p04425254.html,"Slim fit blazer in viscose fabric. Notched lapel collar. Long sleeves with buttoned cuffs. Featuring a welt pocket at the chest, flap pockets at the hip and an inside pocket. Back vents. Front button fastening.",
https://www.zara.com/de/en/wide-fit-pleated-trousers-p05070802.html,Wide-leg trousers. Elasticated waist with front pleat detail. Front pockets and rear welt pocket detail. Zip fly and top button fastening.,"Composition: 66% polyester, 30% viscose, 4% elastane"
https://www.zara.com/de/en/technical-trainers-p12336520.html,Technical trainers. Breathable technical fabric upper. Chunky lightweight sole.,
https://www.zara.com/de/en/slim-fit-suit-blazer-p04425254.html,"Slim fit blazer in viscose fabric. Notched lapel collar. Long sleeves with buttoned cuffs. Featuring a welt pocket at the chest, flap pockets at the hip and an inside pocket. Back vents. Front button fastening.",
https://www.zara.com/de/en/slim-fit-suit-trousers-p04426254.html,"Slim fit trousers made of a viscose blend. Featuring front pockets, back buttoned jetted pockets and front zip and button fastening.","Composition: 62% polyester, 33% viscose, 5% elastane"
https://www.zara.com/de/en/contrast-collar-jacket-p06987411.html,"Relaxed fit jacket made of lightly padded cotton fabric. Featuring a contrast lapel collar, long sleeves with press-stud cuffs, patch pockets at the hip, a washed effect and a zip-up front.",
https://www.zara.com/de/en/cotton-linen-trousers-p08574303.html,"Regular fit trousers made from a cotton and linen blend fabric. Featuring an elasticated waistband with adjustable drawstring, front pockets and rear welt pocket detail. Zip fly and button fastening.","Composition: 70% cotton, 30% linen"
https://www.zara.com/de/en/flare-fit-jeans-p05585444.html,Flare fit jeans. Five pockets. Washed effect. Uneven hem. Zip fly and button fastening.,Composition: 100% cotton
https://www.zara.com/de/en/flare-fit-jeans-p05585444.html,Flare fit jeans. Five pockets. Washed effect. Uneven hem. Zip fly and button fastening.,Composition: 100% cotton
https://www.zara.com/de/en/relaxed-fit-knit-t-shirt-p05536431.html,"Relaxed fit knitted T-shirt made of a cotton blend. Featuring a crew neck, short sleeves and ribbed trims.","Composition: 79% cotton, 21% polyamide"
https://www.zara.com/de/en/relaxed-fit-knit-t-shirt-p05536431.html,"Relaxed fit knitted T-shirt made of a cotton blend. Featuring a crew neck, short sleeves and ribbed trims.","Composition: 79% cotton, 21% polyamide"
https://www.zara.com/de/en/flare-fit-jeans-p05585444.html,Flare fit jeans. Five pockets. Washed effect. Uneven hem. Zip fly and button fastening.,Composition: 100% cotton
https://www.zara.com/de/en/cotton-linen-trousers-p08574303.html,"Regular fit trousers made from a cotton and linen blend fabric. Featuring an elasticated waistband with adjustable drawstring, front pockets and rear welt pocket detail. Zip fly and button fastening.","Composition: 70% cotton, 30% linen"
https://www.zara.com/de/en/relaxed-fit-knit-t-shirt-p05536431.html,"Relaxed fit knitted T-shirt made of a cotton blend. Featuring a crew neck, short sleeves and ribbed trims.","Composition: 79% cotton, 21% polyamide"
https://www.zara.com/de/en/cotton-linen-trousers-p08574303.html,"Regular fit trousers made from a cotton and linen blend fabric. Featuring an elasticated waistband with adjustable drawstring, front pockets and rear welt pocket detail. Zip fly and button fastening.","Composition: 70% cotton, 30% linen"
https://www.zara.com/de/en/cotton-linen-trousers-p08574303.html,"Regular fit trousers made from a cotton and linen blend fabric. Featuring an elasticated waistband with adjustable drawstring, front pockets and rear welt pocket detail. Zip fly and button fastening.","Composition: 70% cotton, 30% linen"
https://www.zara.com/de/en/relaxed-fit-knit-t-shirt-p05536431.html,"Relaxed fit knitted T-shirt made of a cotton blend. Featuring a crew neck, short sleeves and ribbed trims.","Composition: 79% cotton, 21% polyamide"
https://www.zara.com/de/en/flare-fit-jeans-p05585444.html,Flare fit jeans. Five pockets. Washed effect. Uneven hem. Zip fly and button fastening.,Composition: 100% cotton
https://www.zara.com/de/en/slim-fit-chino-trousers-p06786300.html,Slim fit trousers made of stretch cotton. Front pockets and rear welt pockets. Zip fly and top button fastening.,"Composition: 97% cotton, 3% elastane"
https://www.zara.com/de/en/slim-fit-chino-trousers-p06786300.html,Slim fit trousers made of stretch cotton. Front pockets and rear welt pockets. Zip fly and top button fastening.,"Composition: 97% cotton, 3% elastane"
https://www.zara.com/de/en/slim-fit-chino-trousers-p06786300.html,Slim fit trousers made of stretch cotton. Front pockets and rear welt pockets. Zip fly and top button fastening.,"Composition: 97% cotton, 3% elastane"
https://www.zara.com/de/en/100-linen-trousers-p04410010.html,Regular fit trousers made of linen fabric. Elastic waistband. Front pockets and rear welt pocket detail. Zip fly and top button fastening.,Composition: 100% linen
https://www.zara.com/de/en/100-linen-trousers-p04410010.html,Regular fit trousers made of linen fabric. Elastic waistband. Front pockets and rear welt pocket detail. Zip fly and top button fastening.,Composition: 100% linen
https://www.zara.com/de/en/100-linen-trousers-p04410010.html,Regular fit trousers made of linen fabric. Elastic waistband. Front pockets and rear welt pocket detail. Zip fly and top button fastening.,Composition: 100% linen
https://www.zara.com/de/en/textured-polo-shirt-p04092400.html,Regular fit polo shirt. Lapel collar and front button fastening. Short sleeves.,Composition: 100% cotton
https://www.zara.com/de/en/vertical-textured-polo-shirt-p00526460.html,Regular fit polo shirt. Lapel collar with front opening. Short sleeves. Ribbed hem.,
https://www.zara.com/de/en/vertical-textured-polo-shirt-p00526460.html,Regular fit polo shirt. Lapel collar with front opening. Short sleeves. Ribbed hem.,
https://www.zara.com/de/en/vertical-textured-polo-shirt-p00526460.html,Regular fit polo shirt. Lapel collar with front opening. Short sleeves. Ribbed hem.,
https://www.zara.com/de/en/textured-polo-shirt-p04092400.html,Regular fit polo shirt. Lapel collar and front button fastening. Short sleeves.,Composition: 100% cotton
https://www.zara.com/de/en/textured-polo-shirt-p04092400.html,Regular fit polo shirt. Lapel collar and front button fastening. Short sleeves.,Composition: 100% cotton
https://www.zara.com/de/en/relaxed-fit-pleated-trousers-p06861554.html,Relaxed fit trousers. Waist with front pleats. Front pockets and rear welt pockets. Zip fly and top button fastening.,"Composition: 75% polyester, 19% viscose, 6% elastane"
https://www.zara.com/de/en/flowing-knit-t-shirt-p00304406.html,"Regular fit knitted T-shirt made of a viscose blend. Featuring a round neckline, short sleeves and ribbed trims.","Composition: 82% viscose, 18% polyamide"
https://www.zara.com/de/en/straight-leg-jeans-p08062410.html,"Straight-leg jeans, slightly looser fitting than our regular straight-leg style. Five pockets. Faded effect. Button fly.",Composition: 100% cotton
https://www.zara.com/de/en/flowing-knit-t-shirt-p00304406.html,"Regular fit knitted T-shirt made of a viscose blend. Featuring a round neckline, short sleeves and ribbed trims.","Composition: 82% viscose, 18% polyamide"
https://www.zara.com/de/en/leather-effect-jacket-p03046404.html,Relaxed fit jacket in a leather effect fabric. Lapel collar and long sleeves. Welt pockets at the hip. Elasticated trims. Zip-up fastening.,
https://www.zara.com/de/en/slim-fit-jeans-p00774340.html,Faded slim fit jeans with a five-pocket design. Zip fly and button fastening.,"Composition: 98% cotton, 2% elastane"
https://www.zara.com/de/en/vertical-textured-polo-shirt-p00526460.html,Regular fit polo shirt. Lapel collar with front opening. Short sleeves. Ribbed hem.,
https://www.zara.com/de/en/flowing-knit-t-shirt-p00304406.html,"Regular fit knitted T-shirt made of a viscose blend. Featuring a round neckline, short sleeves and ribbed trims.","Composition: 82% viscose, 18% polyamide"
https://www.zara.com/de/en/flowing-knit-t-shirt-p00304406.html,"Regular fit knitted T-shirt made of a viscose blend. Featuring a round neckline, short sleeves and ribbed trims.","Composition: 82% viscose, 18% polyamide"
https://www.zara.com/de/en/casual-leather-loafers-p12613520.html,Casual loafers. Leather upper with a split suede finish. Plain design with moc toe detail. Round toe. Contrast sole.,
https://www.zara.com/de/en/relaxed-fit-pleated-trousers-p06861554.html,Relaxed fit trousers. Waist with front pleats. Front pockets and rear welt pockets. Zip fly and top button fastening.,"Composition: 75% polyester, 19% viscose, 6% elastane"
https://www.zara.com/de/en/faux-suede-varsity-jacket-with-patches-p06318401.html,Varsity jacket made of faux suede fabric. Lapel collar and long sleeves. Welt pockets at the hip and an inside pocket. Contrast patch and embroidery appliqués on the front. Ribbed trims. Snap-button fastening at the front.,
https://www.zara.com/de/en/leather-effect-jacket-p03046404.html,Relaxed fit jacket in a leather effect fabric. Lapel collar and long sleeves. Welt pockets at the hip. Elasticated trims. Zip-up fastening.,
https://www.zara.com/de/en/boxy-fit-overshirt-p07484553.html,"Boxy fit overshirt. Featuring a lapel collar, long sleeves with buttoned cuffs, hip patch pockets and a button-up front.",
https://www.zara.com/de/en/slim-cropped-fit-jeans-p04551402.html,Faded slim fit cropped jeans with five pockets. Button fastening.,Composition: 100% cotton
https://www.zara.com/de/en/slim-cropped-fit-jeans-p04551402.html,Faded slim fit cropped jeans with five pockets. Button fastening.,Composition: 100% cotton
https://www.zara.com/de/en/slim-cropped-fit-jeans-p04551402.html,Faded slim fit cropped jeans with five pockets. Button fastening.,Composition: 100% cotton
https://www.zara.com/de/en/cotton-linen-relaxed-fit-trousers-p01437450.html,"Relaxed fit trousers made of a cotton blend with 14% linen. Featuring an elasticated drawstring waistband, front pockets and rear pocket detail.","Composition: 86% cotton, 14% linen"
https://www.zara.com/de/en/cotton---linen-shirt-p01063305.html,Relaxed fit shirt made of a linen and cotton blend. Button-down collar. Long sleeves with buttoned cuffs. Chest patch pocket. Button-up front.,"Composition: 53% linen, 47% cotton"
https://www.zara.com/de/en/cotton-linen-relaxed-fit-trousers-p01437450.html,"Relaxed fit trousers made of a cotton blend with 14% linen. Featuring an elasticated drawstring waistband, front pockets and rear pocket detail.","Composition: 86% cotton, 14% linen"
https://www.zara.com/de/en/cotton---linen-shirt-p01063305.html,Relaxed fit shirt made of a linen and cotton blend. Button-down collar. Long sleeves with buttoned cuffs. Chest patch pocket. Button-up front.,"Composition: 53% linen, 47% cotton"
https://www.zara.com/de/en/cotton---linen-shirt-p01063305.html,Relaxed fit shirt made of a linen and cotton blend. Button-down collar. Long sleeves with buttoned cuffs. Chest patch pocket. Button-up front.,"Composition: 53% linen, 47% cotton"
https://www.zara.com/de/en/cotton---linen-shirt-p01063306.html,Relaxed fit shirt made of a linen and cotton blend. Stand-up collar and long sleeves with buttoned cuffs. Button-up front.,"Composition: 55% linen, 45% cotton"
https://www.zara.com/de/en/cotton---linen-shirt-p01063305.html,Relaxed fit shirt made of a linen and cotton blend. Button-down collar. Long sleeves with buttoned cuffs. Chest patch pocket. Button-up front.,"Composition: 53% linen, 47% cotton"
https://www.zara.com/de/en/cotton---linen-shirt-p01063306.html,Relaxed fit shirt made of a linen and cotton blend. Stand-up collar and long sleeves with buttoned cuffs. Button-up front.,"Composition: 55% linen, 45% cotton"
https://www.zara.com/de/en/cotton---linen-shirt-p01063305.html,Relaxed fit shirt made of a linen and cotton blend. Button-down collar. Long sleeves with buttoned cuffs. Chest patch pocket. Button-up front.,"Composition: 53% linen, 47% cotton"
https://www.zara.com/de/en/cotton---linen-shirt-p01063306.html,Relaxed fit shirt made of a linen and cotton blend. Stand-up collar and long sleeves with buttoned cuffs. Button-up front.,"Composition: 55% linen, 45% cotton"
https://www.zara.com/de/en/cotton---linen-shirt-p01063306.html,Relaxed fit shirt made of a linen and cotton blend. Stand-up collar and long sleeves with buttoned cuffs. Button-up front.,"Composition: 55% linen, 45% cotton"
https://www.zara.com/de/en/cotton-linen-relaxed-fit-trousers-p01437450.html,"Relaxed fit trousers made of a cotton blend with 14% linen. Featuring an elasticated drawstring waistband, front pockets and rear pocket detail.","Composition: 86% cotton, 14% linen"
https://www.zara.com/de/en/relaxed-fit-textured-trousers-p07147400.html,"Textured cotton trousers. Featuring an elasticated drawstring waistband, side pockets and rear welt pockets.","Composition: 78% cotton, 22% polyester"
https://www.zara.com/de/en/viscose-blend-knitted-polo-shirt-p00304407.html,Regular fit knitted polo shirt in a viscose blend yarn. Lapel collar with button-up front. Short sleeves. Ribbed trims.,"Composition: 82% viscose, 18% polyamide"
https://www.zara.com/de/en/viscose-blend-knitted-polo-shirt-p00304407.html,Regular fit knitted polo shirt in a viscose blend yarn. Lapel collar with button-up front. Short sleeves. Ribbed trims.,"Composition: 82% viscose, 18% polyamide"
https://www.zara.com/de/en/viscose-blend-knitted-polo-shirt-p00304407.html,Regular fit knitted polo shirt in a viscose blend yarn. Lapel collar with button-up front. Short sleeves. Ribbed trims.,"Composition: 82% viscose, 18% polyamide"
https://www.zara.com/de/en/viscose-blend-knitted-polo-shirt-p00304407.html,Regular fit knitted polo shirt in a viscose blend yarn. Lapel collar with button-up front. Short sleeves. Ribbed trims.,"Composition: 82% viscose, 18% polyamide"
https://www.zara.com/de/en/relaxed-fit-textured-trousers-p07147400.html,"Textured cotton trousers. Featuring an elasticated drawstring waistband, side pockets and rear welt pockets.","Composition: 78% cotton, 22% polyester"
https://www.zara.com/de/en/viscose-blend-knitted-polo-shirt-p00304407.html,Regular fit knitted polo shirt in a viscose blend yarn. Lapel collar with button-up front. Short sleeves. Ribbed trims.,"Composition: 82% viscose, 18% polyamide"
https://www.zara.com/de/en/basic-contrast-rib-t-shirt-p00761412.html,Regular fit T-shirt with a round neck and short sleeves. Finished with contrast piping.,"Composition: 98% cotton, 2% elastane"
https://www.zara.com/de/en/regular-straight-leg-jeans-p01538455.html,Regular straight-leg jeans. Five-pocket design. Faded effect. Button fly.,Composition: 100% cotton
https://www.zara.com/de/en/relaxed-fit-textured-trousers-p07147400.html,"Textured cotton trousers. Featuring an elasticated drawstring waistband, side pockets and rear welt pockets.","Composition: 78% cotton, 22% polyester"
https://www.zara.com/de/en/regular-straight-leg-jeans-p01538455.html,Regular straight-leg jeans. Five-pocket design. Faded effect. Button fly.,Composition: 100% cotton
https://www.zara.com/de/en/cotton---linen-shirt-p01063306.html,Relaxed fit shirt made of a linen and cotton blend. Stand-up collar and long sleeves with buttoned cuffs. Button-up front.,"Composition: 55% linen, 45% cotton"
https://www.zara.com/de/en/cotton---linen-shirt-p01063305.html,Relaxed fit shirt made of a linen and cotton blend. Button-down collar. Long sleeves with buttoned cuffs. Chest patch pocket. Button-up front.,"Composition: 53% linen, 47% cotton"
https://www.zara.com/de/en/relaxed-fit-textured-trousers-p07147400.html,"Textured cotton trousers. Featuring an elasticated drawstring waistband, side pockets and rear welt pockets.","Composition: 78% cotton, 22% polyester"
https://www.zara.com/de/en/regular-straight-leg-jeans-p01538455.html,Regular straight-leg jeans. Five-pocket design. Faded effect. Button fly.,Composition: 100% cotton
https://www.zara.com/de/en/cotton---linen-shirt-p01063305.html,Relaxed fit shirt made of a linen and cotton blend. Button-down collar. Long sleeves with buttoned cuffs. Chest patch pocket. Button-up front.,"Composition: 53% linen, 47% cotton"
https://www.zara.com/de/en/contrast-print-trousers-p05862405.html,Relaxed fit trousers. Five pockets. Faded effect. Zip fly and button fastening.,Composition: 100% cotton
https://www.zara.com/de/en/creased-effect-shirt-p06103400.html,"Relaxed fit shirt made from cotton fabric with a creased effect finish. Featuring a grandad collar, long sleeves with buttoned cuffs and a button-up front.",Composition: 100% cotton
https://www.zara.com/de/en/regular-straight-leg-jeans-p01538455.html,Regular straight-leg jeans. Five-pocket design. Faded effect. Button fly.,Composition: 100% cotton
https://www.zara.com/de/en/puffer-technical-jacket-p03833352.html,Relaxed fit jacket made of technical fabric. Lapel collar and long sleeves with elasticated cuffs. Welt pockets at the hip. Adjustable hem with elasticated front. Snap-button fastening.,
https://www.zara.com/de/en/creased-effect-shirt-p06103400.html,"Relaxed fit shirt made from cotton fabric with a creased effect finish. Featuring a grandad collar, long sleeves with buttoned cuffs and a button-up front.",Composition: 100% cotton
https://www.zara.com/de/en/interlock-textured-sweatshirt-p00761450.html,Relaxed fit sweatshirt made from stretch cotton fabric. Round neck and short sleeves. Ribbed hem.,
https://www.zara.com/de/en/interlock-textured-sweatshirt-p00761450.html,Relaxed fit sweatshirt made from stretch cotton fabric. Round neck and short sleeves. Ribbed hem.,
https://www.zara.com/de/en/interlock-textured-sweatshirt-p00761450.html,Relaxed fit sweatshirt made from stretch cotton fabric. Round neck and short sleeves. Ribbed hem.,
https://www.zara.com/de/en/100-linen-trousers-p05070112.html,Relaxed fit trousers in linen. Adjustable drawstring waist. Front pockets and patch back pockets.,Composition: 100% linen
https://www.zara.com/de/en/100-linen-trousers-p05070112.html,Relaxed fit trousers in linen. Adjustable drawstring waist. Front pockets and patch back pockets.,Composition: 100% linen
https://www.zara.com/de/en/100-linen-trousers-p05070112.html,Relaxed fit trousers in linen. Adjustable drawstring waist. Front pockets and patch back pockets.,Composition: 100% linen
https://www.zara.com/de/en/baggy-fit-jeans-p04048400.html,Baggy fit jeans. Five pockets. Faded effect. Front zip fly and button fastening.,Composition: 100% cotton
https://www.zara.com/de/en/baggy-fit-jeans-p04048400.html,Baggy fit jeans. Five pockets. Faded effect. Front zip fly and button fastening.,Composition: 100% cotton
https://www.zara.com/de/en/100-linen-trousers-p05070112.html,Relaxed fit trousers in linen. Adjustable drawstring waist. Front pockets and patch back pockets.,Composition: 100% linen
https://www.zara.com/de/en/textured-jacquard-t-shirt-p04087400.html,Relaxed fit T-shirt with a round neck and short sleeves.,"Composition: 99% polyester, 1% elastane"
https://www.zara.com/de/en/relaxed-fit-jacquard-bermuda-shorts-p04087401.html,Relaxed fit Bermuda shorts. Elasticated drawstring waistband. Front pockets and a rear patch pocket.,"Composition: 99% polyester, 1% elastane"
https://www.zara.com/de/en/textured-jacquard-t-shirt-p04087400.html,Relaxed fit T-shirt with a round neck and short sleeves.,"Composition: 99% polyester, 1% elastane"
https://www.zara.com/de/en/slim-cropped-fit-jeans-p04551402.html,Faded slim fit cropped jeans with five pockets. Button fastening.,Composition: 100% cotton
https://www.zara.com/de/en/textured-relaxed-fit-t-shirt-p03992405.html,Relaxed fit T-shirt. Round neck and short sleeves.,"Composition: 56% polyester, 44% cotton"
https://www.zara.com/de/en/interlock-textured-bermuda-shorts-p00761451.html,Relaxed fit Bermuda shorts made from stretch cotton fabric. Elasticated waistband with adjustable drawstrings. Side pockets and a rear patch pocket.,"Composition: 73% cotton, 27% polyester"
https://www.zara.com/de/en/textured-relaxed-fit-t-shirt-p03992405.html,Relaxed fit T-shirt. Round neck and short sleeves.,"Composition: 56% polyester, 44% cotton"
https://www.zara.com/de/en/interlock-textured-bermuda-shorts-p00761451.html,Relaxed fit Bermuda shorts made from stretch cotton fabric. Elasticated waistband with adjustable drawstrings. Side pockets and a rear patch pocket.,"Composition: 73% cotton, 27% polyester"
https://www.zara.com/de/en/100-linen-suit-blazer-p04410400.html,Regular fit blazer made of linen fabric. Half lining on the inside. Notched lapel collar and long sleeves with buttoned cuffs. Welt pocket on the chest and flap pockets at the hip. Inside pocket detail. Hem with vents at the back. Front button fastening.,
https://www.zara.com/de/en/heavyweight-crew-neck-sweatshirt-p04092430.html,Relaxed fit sweatshirt made of compact cotton fabric. Crew neck and long sleeves. Ribbed trims.,
https://www.zara.com/de/en/interlock-textured-bermuda-shorts-p00761451.html,Relaxed fit Bermuda shorts made from stretch cotton fabric. Elasticated waistband with adjustable drawstrings. Side pockets and a rear patch pocket.,"Composition: 73% cotton, 27% polyester"
https://www.zara.com/de/en/100-linen-suit-trousers-p04410401.html,"Regular fit linen trousers. Featuring front pockets, buttoned welt pockets at the back and zip fly and top button fastening.",Composition: 100% linen
https://www.zara.com/de/en/textured-relaxed-fit-t-shirt-p03992405.html,Relaxed fit T-shirt. Round neck and short sleeves.,"Composition: 56% polyester, 44% cotton"
https://www.zara.com/de/en/heavyweight-crew-neck-sweatshirt-p04092430.html,Relaxed fit sweatshirt made of compact cotton fabric. Crew neck and long sleeves. Ribbed trims.,
https://www.zara.com/de/en/heavyweight-crew-neck-sweatshirt-p04092430.html,Relaxed fit sweatshirt made of compact cotton fabric. Crew neck and long sleeves. Ribbed trims.,
https://www.zara.com/de/en/strappy-sandals-p12724520.html,Multi-strap sandals. One strap is specifically designed with a toe post for added comfort. Anatomically shaped insole.,
https://www.zara.com/de/en/boucle-overshirt-p03715300.html,"Relaxed-fit collared overshirt featuring long sleeves with buttoned cuffs, side hip pockets and button-up front hidden by a placket.",Composition: 100% polyester
https://www.zara.com/de/en/baggy-fit-jeans-p04048400.html,Baggy fit jeans. Five pockets. Faded effect. Front zip fly and button fastening.,Composition: 100% cotton
https://www.zara.com/de/en/baggy-fit-jeans-p04048400.html,Baggy fit jeans. Five pockets. Faded effect. Front zip fly and button fastening.,Composition: 100% cotton
https://www.zara.com/de/en/lightweight-bomber-jacket-p04302401.html,Lightweight jacket made of technical fabric. Ribbed collar and long sleeves. Welt pockets at the hip. Inside pocket detail. Ribbed trims. Zip-up front.,
https://www.zara.com/de/en/lightweight-bomber-jacket-p04302401.html,Lightweight jacket made of technical fabric. Ribbed collar and long sleeves. Welt pockets at the hip. Inside pocket detail. Ribbed trims. Zip-up front.,
https://www.zara.com/de/en/lightweight-bomber-jacket-p04302401.html,Lightweight jacket made of technical fabric. Ribbed collar and long sleeves. Welt pockets at the hip. Inside pocket detail. Ribbed trims. Zip-up front.,
https://www.zara.com/de/en/casual-leather-loafers-p12613520.html,Casual loafers. Leather upper with a split suede finish. Plain design with moc toe detail. Round toe. Contrast sole.,
https://www.zara.com/de/en/leather-effect-bomber-jacket-p03918450.html,Leather-effect jacket. Elasticated ribbed collar and long sleeves. Welt pockets at the hip. Ribbed hem. Zip-up front.,
https://www.zara.com/de/en/double-strap-leather-sandals-p12703520.html,Split suede leather sandals. Two wide adjustable straps with touch-and-close fastenings. Anatomically shaped insole.,
https://www.zara.com/de/en/100-linen-bermuda-shorts-p05070010.html,Regular-fit Bermuda shorts made of a linen fabric. Front pockets and rear pockets. Front zip fly and button fastening.,Composition: 100% linen
https://www.zara.com/de/en/100-linen-bermuda-shorts-p05070010.html,Regular-fit Bermuda shorts made of a linen fabric. Front pockets and rear pockets. Front zip fly and button fastening.,Composition: 100% linen
https://www.zara.com/de/en/leather-trainers-p12210520.html,Leather trainers. Concealed lacing. Chunky sole.,
https://www.zara.com/de/en/lightweight-jacket-p04302526.html,"Regular fit, padded jacket. High neck with adjustable hood and long sleeves. Welt pockets at the hip and an inside pocket. Elasticated trims. Zip-up front.",
https://www.zara.com/de/en/lightweight-jacket-p04302526.html,"Regular fit, padded jacket. High neck with adjustable hood and long sleeves. Welt pockets at the hip and an inside pocket. Elasticated trims. Zip-up front.",
https://www.zara.com/de/en/basic-medium-weight-t-shirt-p01887470.html,Regular fit T-shirt with a round neckline and short sleeves.,Composition: 100% cotton
https://www.zara.com/de/en/jacket-with-ribbed-collar-p06318402.html,"Relaxed fit jacket crafted from a lightly padded wool-blend fabric. Featuring a matching ribbed high neck, long sleeves, zipped hip pockets, ribbed trims and a zip-up front.",
https://www.zara.com/de/en/comfort-straight-leg-trousers-p07484319.html,Straight-leg trousers. Elasticated waistband. Front pockets and rear welt pockets. Zip fly and top button fastening.,"Composition: 76% polyester, 18% viscose, 6% elastane"
https://www.zara.com/de/en/basic-slim-fit-t-shirt-p05584361.html,Slim fit T-shirt. Round neck and short sleeve.,"Composition: 95% cotton, 5% elastane"
https://www.zara.com/de/en/faux-suede-bomber-jacket-p08574300.html,Jacket made of faux suede. Ribbed elasticated neck and long sleeves. Welt pockets at the hip. Ribbed hem. Zip-up front.,
https://www.zara.com/de/en/basic-slim-fit-t-shirt-p05584361.html,Slim fit T-shirt. Round neck and short sleeve.,"Composition: 95% cotton, 5% elastane"
https://www.zara.com/de/en/basic-heavyweight-t-shirt-p01887455.html,Relaxed fit T-shirt made of compact cotton. Featuring a round neck and short sleeves.,Composition: 100% cotton
https://www.zara.com/de/en/basic-heavyweight-t-shirt-p01887455.html,Relaxed fit T-shirt made of compact cotton. Featuring a round neck and short sleeves.,Composition: 100% cotton
https://www.zara.com/de/en/basic-heavyweight-t-shirt-p01887455.html,Relaxed fit T-shirt made of compact cotton. Featuring a round neck and short sleeves.,Composition: 100% cotton
https://www.zara.com/de/en/casual-leather-loafers-p12613520.html,Casual loafers. Leather upper with a split suede finish. Plain design with moc toe detail. Round toe. Contrast sole.,
https://www.zara.com/de/en/double-strap-leather-sandals-p12708520.html,Leather sandals with two wide straps across the instep and buckle fastening. Anatomically shaped insole. Jute-covered sole.,
https://www.zara.com/de/en/basic-regular-fit-t-shirt-p05584441.html,Regular fit T-shirt made of stretch cotton. Featuring a round neck and short sleeves.,"Composition: 92% cotton, 8% elastane"
https://www.zara.com/de/en/basic-regular-fit-t-shirt-p05584441.html,Regular fit T-shirt made of stretch cotton. Featuring a round neck and short sleeves.,"Composition: 92% cotton, 8% elastane"
https://www.zara.com/de/en/monochrome-chunky-trainers-p12215520.html,Plain monocolour trainers. Smooth upper. Chunky sole.,
https://www.zara.com/de/en/red-eclipse-edp-100-ml---3-38%C2%A0oz-p20220329.html,"Eau de parfum. An intense and sophisticated fragrance. Fresh notes of bergamot blend with clary sage and a touch of leather, creating an enigmatic and bold aroma.","Composition: ALCOHOL DENAT., FRAGRANCE (PARFUM), WATER (AQUA), TETRAMETHYL ACETYLOCTAHYDRONAPHTHALENES, POGOSTEMON CABLIN OIL, CITRUS AURANTIUM BERGAMIA PEEL OIL, BENZYL SALICYLATE, LINALYL ACETATE, LINALOOL, CITRONELLOL, LIMONENE, PELARGONIUM GRAVEOLENS FLOWER OIL, COUMARIN, PINENE, beta-Caryophyllene, VANILLIN, ROSE KETONES, GERANIOL, MENTHA PIPERITA OIL, MENTHOL, CITRAL, GERANYL ACETATE, SCLAREOL, TERPINEOL, CAMPHOR, TERPINOLENE, ALPHA-TERPINENE, CINNAMOMUM ZEYLANICUM BARK OIL"
https://www.zara.com/de/en/blue-zenith-edp-100ml---3-38%C2%A0oz-p20220330.html,"Eau de parfum. An elegant and balanced fragrance. The freshness of mandarin and lavender combines with the warmth of cinnamon and vanilla, leaving a captivating and refined trail.","Composition: ALCOHOL DENAT., FRAGRANCE (PARFUM), WATER (AQUA), TETRAMETHYL ACETYLOCTAHYDRONAPHTHALENES, DIPROPYLENE GLYCOL, LINALYL ACETATE, LINALOOL, ETHYLHEXYL SALICYLATE, COUMARIN, CITRUS AURANTIUM BERGAMIA PEEL OIL, LIMONENE, VANILLIN, CITRUS LIMON PEEL OIL, LAVANDULA OIL/EXTRACT, ALPHA-ISOMETHYL IONONE, PINENE, POGOSTEMON CABLIN OIL, PELARGONIUM GRAVEOLENS FLOWER OIL, CAMPHOR, CITRAL, GERANYL ACETATE, MENTHA VIRIDIS LEAF OIL, beta-Caryophyllene, EUGENOL, CITRONELLOL, CARVONE, GERANIOL, ROSE KETONES, TERPINOLENE, TERPINEOL, ALPHA-TERPINENE, CINNAMOMUM ZEYLANICUM BARK OIL, CINNAMAL"
https://www.zara.com/de/en/limited-edition-dinner-jacket-frock-coat-p04071006.html,Relaxed fit frock coat made of wool fabric. Shawl collar and long sleeves with buttoned cuffs. Welt pocket on the chest and flap pockets at the hip. Interior pocket detail. Back vent. Button fastening at the front.,
https://www.zara.com/de/en/textured-stretch-shirt-p04047476.html,"Slim fit shirt made of a fabric that minimises the need for ironing after washing. Featuring an open spread collar, long sleeves with buttoned cuffs and a button-up front.","Composition: 87% polyamide, 13% elastane"
https://www.zara.com/de/en/textured-stretch-shirt-p04047476.html,"Slim fit shirt made of a fabric that minimises the need for ironing after washing. Featuring an open spread collar, long sleeves with buttoned cuffs and a button-up front.","Composition: 87% polyamide, 13% elastane"
https://www.zara.com/de/en/3-pack-of-basic-boxers-p04442330.html,Pack of three pairs of boxers with an elasticated waistband.,
https://www.zara.com/de/en/casual-leather-tassel-loafers-p12620520.html,Casual loafers. Leather upper with a split leather finish. Tassels on the instep. Chunky sole.,
https://www.zara.com/de/en/formal-shoes-p12400520.html,Derby shoes. Plain upper. Round toe. Sole with slight heel.,
https://www.zara.com/de/en/formal-penny-loafers-p12600520.html,Formal loafers. Penny strap detail on the instep. Matching sole with a slight heel.,
https://www.zara.com/de/en/dress-shoes-p12401520.html,Derby style dress shoes. Plain upper. Pointed toe. Sole with slight heel.,
https://www.zara.com/de/en/dress-shoes-p12401520.html,Derby style dress shoes. Plain upper. Pointed toe. Sole with slight heel.,
https://www.zara.com/de/en/basic-quarter-zip-sweatshirt-p06462333.html,Relaxed fit sweatshirt with a high neck and front zip fastening. Long sleeves. Ribbed trims.,
https://www.zara.com/de/en/straight-fit-regular-jeans-p08062315.html,Straight-leg jeans with five pockets. Faded effect. Front button fastening.,Composition: 100% cotton
https://www.zara.com/de/en/basic-quarter-zip-sweatshirt-p06462333.html,Relaxed fit sweatshirt with a high neck and front zip fastening. Long sleeves. Ribbed trims.,
https://www.zara.com/de/en/vanilla-collection-01-vanilla-collection-02-edp-2-x-100-ml---3-38-fl--oz-p20213003.html,"VANILLA 01: Eau de Parfum. A rich orange blossom signature contrasts with the irresistible facets of a vanilla and amber duo, creating an almost obsessively liqueur-like nuance. A distinctive sensuality that reveals and celebrates a unique essence.

VANILLA 02: Eau de Parfum. A seductive bourbon vanilla enhanced by a spicy and magnetic blend creates a warm and sensual gourmand experience. The rich amber nuances of labdanum amplify the addictive sweetness of the vanilla, leaving an enveloping and captivating signature.",
https://www.zara.com/de/en/vanilla-collection-02--unique-hypnotic-seductive-edp-100-ml---3-38-fl--oz-p20213002.html,"Eau de parfum. A seductive bourbon vanilla enhanced by a spicy and magnetic blend creates a warm and sensual gourmand experience. The rich amber nuances of labdanum amplify the addictive sweetness of the vanilla, leaving an enveloping and captivating signature.","Composition: ALCOHOL DENAT., FRAGRANCE (PARFUM), WATER (AQUA), TETRAMETHYL ACETYLOCTAHYDRONAPHTHALENES, ETHYLHEXYL SALICYLATE, HEXAMETHYLINDANOPYRAN, VANILLIN, COUMARIN, BUTYL METHOXYDIBENZOYLMETHANE, BENZOTRIAZOLYL DODECYL P-CRESOL, BENZYL SALICYLATE, GERANYL ACETATE, ALCOHOL, PINENE, ROSE KETONES, TRIS(TETRAMETHYLHYDROXYPIPERIDINOL) CITRATE, LIMONENE, beta-Caryophyllene, POGOSTEMON CABLIN OIL"
https://www.zara.com/de/en/vanilla-collection-01--irresistible-magnetic-delicious-edp-100-ml--3-38-fl--oz--p20213001.html,"Eau de Parfum. A rich orange blossom signature contrasts with the irresistible facets of a vanilla and amber duo, creating an almost obsessively liqueur-like nuance. A distinctive sensuality that reveals and celebrates a unique essence.","Composition: ALCOHOL DENAT., WATER (AQUA), FRAGRANCE (PARFUM), TETRAMETHYL ACETYLOCTAHYDRONAPHTHALENES, ETHYLHEXYL SALICYLATE, HEXAMETHYLINDANOPYRAN, COUMARIN, VANILLIN, HYDROXYCITRONELLAL, ALPHA-ISOMETHYL IONONE, BUTYL METHOXYDIBENZOYLMETHANE, POGOSTEMON CABLIN OIL, BENZOTRIAZOLYL DODECYL P-CRESOL, AMYL SALICYLATE, PINENE, TRIMETHYLCYCLOPENTENYL METHYLISOPENTENOL, ALCOHOL, beta-Caryophyllene, EUGENOL, TRIS(TETRAMETHYLHYDROXYPIPERIDINOL) CITRATE, LIMONENE, ALPHA-TERPINENE, ROSE KETONES, ISOEUGENOL, TERPINOLENE, TERPINEOL, METHYL 2-OCTYNOATE"
https://www.zara.com/de/en/sunrise-on-the-red-sand-dunes-intense-edp-100-ml---3-38-fl--oz-p20220319.html,"Eau de parfum. Inspired by the deep, warm feeling of a golden sunset, this new, more intense version captures the warmth and addictive facets of fir balsam and labdanum, evoking the mesmerising transition from day to night.

The fragrance pyramid reveals vibrant notes of bergamot and ginger, enhanced by a radiant halo of mandarin. As the fragrance unfolds, the base notes reveal a rich blend of amber, intertwined with the captivating aromas of orange blossom and blackcurrant.","Composition: ALCOHOL DENAT., FRAGRANCE (PARFUM), WATER (AQUA), LIMONENE, LINALYL ACETATE, TETRAMETHYL ACETYLOCTAHYDRONAPHTHALENES, CITRUS AURANTIUM BERGAMIA PEEL OIL, CITRUS LIMON PEEL OIL, LINALOOL, PINENE, GERANIOL, COUMARIN, CITRAL, CITRONELLOL, TERPINEOL, GERANYL ACETATE, EUGENOL, beta-Caryophyllene, EUGENIA CARYOPHYLLUS OIL, ROSE KETONES, TERPINOLENE, POGOSTEMON CABLIN OIL, ALPHA-TERPINENE, CINNAMAL, ISOEUGENOL, EUGENYL ACETATE, FD&C Yellow No. 5 (CI 19140), D&C Red No. 33 (CI 17200)"
https://www.zara.com/de/en/sand-desert-at-sunset-intense-edp-100-ml---3-38-oz-p20220320.html,"Eau de parfum. An intense new amber take on the original fragrance, which captures the golden nuances of vanilla and amber, embodying the last moments of sunlight before twilight settles over the dunes.

The fragrance pyramid of this enriched version enhances the iconic signature of incense and the blend of orange with cinnamon, tonka bean and chocolate, while the cedarwood and iris are enveloped in a warm embrace of amber and vanilla.","Composition: ALCOHOL DENAT., FRAGRANCE (PARFUM), WATER (AQUA), TETRAMETHYL ACETYLOCTAHYDRONAPHTHALENES, VANILLIN, LINALYL ACETATE, COUMARIN, CITRUS AURANTIUM BERGAMIA PEEL OIL, LIMONENE, CITRUS AURANTIUM PEEL OIL, LINALOOL, ALPHA-ISOMETHYL IONONE, CINNAMYL ALCOHOL, PINENE, CINNAMAL, ROSE KETONES, beta-Caryophyllene, CITRAL, GERANYL ACETATE, TERPINEOL, TERPINOLENE, ALPHA-TERPINENE, FD&C Yellow No. 5 (CI 19140), Ext. D&C Violet No. 2 (CI 60730), D&C Red No. 33 (CI 17200)"
https://www.zara.com/de/en/striped-shirt-p05638411.html,"Regular fit shirt made from a cotton blend fabric. Featuring a collared neckline, short sleeves and a button-up front.","Composition: 70% cotton, 27% polyester, 3% other fibres"
https://www.zara.com/de/en/basic-slim-fit-t-shirt-p05584360.html,Slim fit T-shirt. Featuring a round neck and long sleeves.,"Composition: 95% cotton, 5% elastane"
https://www.zara.com/de/en/basic-slim-fit-t-shirt-p05584360.html,Slim fit T-shirt. Featuring a round neck and long sleeves.,"Composition: 95% cotton, 5% elastane"
https://www.zara.com/de/en/straight-leg-jeans-p08062310.html,Slightly looser straight-leg jeans than our regular straight-leg fit. Five-pocket design. Faded effect. Button fly.,Composition: 100% cotton
https://www.zara.com/de/en/slim-fit-jeans-p00774340.html,Faded slim fit jeans with a five-pocket design. Zip fly and button fastening.,"Composition: 98% cotton, 2% elastane"
https://www.zara.com/de/en/leather-penny-loafers-p12608421.html,Formal loafers. Leather upper. Penny strap detail on the instep. Matching sole with slight heel.,
https://www.zara.com/de/en/cropped-skinny-fit-jeans-p08062481.html,Skinny fit jeans with five pockets. Faded effect. Zip fly and top button fastening.,"Composition: 95% cotton, 3% elastomultiester, 2% elastane"
https://www.zara.com/de/en/cropped-skinny-fit-jeans-p08062481.html,Skinny fit jeans with five pockets. Faded effect. Zip fly and top button fastening.,"Composition: 95% cotton, 3% elastomultiester, 2% elastane"
https://www.zara.com/de/en/cropped-skinny-fit-jeans-p08062481.html,Skinny fit jeans with five pockets. Faded effect. Zip fly and top button fastening.,"Composition: 95% cotton, 3% elastomultiester, 2% elastane"
https://www.zara.com/de/en/slim-fit-jeans-p00774340.html,Faded slim fit jeans with a five-pocket design. Zip fly and button fastening.,"Composition: 98% cotton, 2% elastane"
https://www.zara.com/de/en/slim-fit-jeans-p00774340.html,Faded slim fit jeans with a five-pocket design. Zip fly and button fastening.,"Composition: 98% cotton, 2% elastane"
https://www.zara.com/de/en/slim-fit-jeans-p00774340.html,Faded slim fit jeans with a five-pocket design. Zip fly and button fastening.,"Composition: 98% cotton, 2% elastane"
https://www.zara.com/de/en/smart-penny-loafers-p12611420.html,Smart loafers. Plain upper with penny strap detail. Matching insole and lining. Track sole.,
https://www.zara.com/de/en/chunky-sole-trainers-p12247420.html,Sports trainers. Smooth upper with contrasting detail on the back. Chunky sole with irregular design.,
https://www.zara.com/de/en/chunky-sole-trainers-p12247420.html,Sports trainers. Smooth upper with contrasting detail on the back. Chunky sole with irregular design.,
https://www.zara.com/de/en/comfort-fit-jogger-waist-trousers-p07484303.html,Trousers made of cotton blend fabric. Elasticated waistband with adjustable drawstring. Front pockets and back welt pockets.,"Composition: 57% cotton, 40% polyester, 3% elastane"
https://www.zara.com/de/en/comfort-fit-jogger-waist-trousers-p07484303.html,Trousers made of cotton blend fabric. Elasticated waistband with adjustable drawstring. Front pockets and back welt pockets.,"Composition: 57% cotton, 40% polyester, 3% elastane"
https://www.zara.com/de/en/comfort-fit-jogger-waist-trousers-p07484303.html,Trousers made of cotton blend fabric. Elasticated waistband with adjustable drawstring. Front pockets and back welt pockets.,"Composition: 57% cotton, 40% polyester, 3% elastane"
https://www.zara.com/de/en/comfort-fit-jogger-waist-trousers-p07484303.html,Trousers made of cotton blend fabric. Elasticated waistband with adjustable drawstring. Front pockets and back welt pockets.,"Composition: 57% cotton, 40% polyester, 3% elastane"
https://www.zara.com/de/en/casual-trainers-p12301420.html,Casual trainers. Multi-piece upper with split suede leather detailing. Track sole.,
https://www.zara.com/de/en/lightweight-puffer-gilet-p04302536.html,Puffer gilet made of technical fabric. High neck. Welt pockets on the hips. Zip-up front.,
https://www.zara.com/de/en/lightweight-puffer-jacket-p08574765.html,Padded jacket with a high collar and long sleeves. Hip pockets and inside pocket detail. Elasticated hem. Zip-up front.,
https://www.zara.com/de/en/lightweight-puffer-gilet-p04302536.html,Puffer gilet made of technical fabric. High neck. Welt pockets on the hips. Zip-up front.,
https://www.zara.com/de/en/basic-quarter-zip-sweatshirt-p06462333.html,Relaxed fit sweatshirt with a high neck and front zip fastening. Long sleeves. Ribbed trims.,
https://www.zara.com/de/en/basic-quarter-zip-sweatshirt-p06462333.html,Relaxed fit sweatshirt with a high neck and front zip fastening. Long sleeves. Ribbed trims.,
https://www.zara.com/de/en/easy-care-textured-shirt-p07545710.html,"Shirt made of fabric with easy care and everyday maintenance texture.

Regular-fit spread collar shirt featuring long sleeves with buttoned cuffs. Button-up front.","Composition: 70% cotton, 30% polyester"
https://www.zara.com/de/en/basic-leather-belt-p02823300.html,"Leather belt. Metal buckle and loop fastening.

Width: 4 cm.",Composition: 100% cow leather
https://www.zara.com/de/en/man-navy-black-zara-man-800-black-edt-2-x-90-ml---3-0%C2%A0oz-p20210838.html,"NAVY BLACK: Aromatic woody eau de toilette with top notes of nectarine, bergamot and grapefruit. On a heart of sage and coffee notes, with a base of vetiver, amber and patchouli. A sporty, fresh and luminous fragrance.

800 BLACK: Citrus woody eau de toilette. The fragrance pyramid includes notes of yuzu, saffron and tonka bean. It's a nocturnal, powerful and intense fragrance.",
https://www.zara.com/de/en/faded-jogger-waist-trousers-p06786350.html,Slim fit trousers made of slightly stretchy cotton fabric. Featuring an adjustable elasticated waistband with drawstring. Front pockets and rear welt pockets. Faded effect. Elasticated cuffed hems.,"Composition: 97% cotton, 3% elastane"
https://www.zara.com/de/en/basic-trainers-p12218420.html,Basic lace-up trainers. Smooth upper. Contrast lining and insole.,
https://www.zara.com/de/en/skinny-fit-chino-trousers-p06786405.html,Skinny fit trousers in a stretch cotton blend fabric. Front pockets and jetted back pockets. Zip fly and top button fastening.,"Composition: 98% cotton, 2% elastane"
https://www.zara.com/de/en/skinny-fit-chino-trousers-p06786405.html,Skinny fit trousers in a stretch cotton blend fabric. Front pockets and jetted back pockets. Zip fly and top button fastening.,"Composition: 98% cotton, 2% elastane"
https://www.zara.com/de/en/skinny-fit-chino-trousers-p06786405.html,Skinny fit trousers in a stretch cotton blend fabric. Front pockets and jetted back pockets. Zip fly and top button fastening.,"Composition: 98% cotton, 2% elastane"
https://www.zara.com/de/en/easy-care-jogger-waist-trousers-p00706870.html,"Trousers with an elastic waistband and adjustable drawstrings. Featuring side pockets, rear welt pockets and turn-up hems.","Composition: 79% polyester, 17% viscose, 4% elastane"
https://www.zara.com/de/en/easy-care-jogger-waist-trousers-p00706870.html,"Trousers with an elastic waistband and adjustable drawstrings. Featuring side pockets, rear welt pockets and turn-up hems.","Composition: 79% polyester, 17% viscose, 4% elastane"
https://www.zara.com/de/en/easy-care-textured-shirt-p03090420.html,"Shirt made of fabric with easy care and everyday maintenance texture.

Regular-fit spread collar shirt featuring long sleeves with buttoned cuffs. Button-up front.","Composition: 60% cotton, 40% polyester"
https://www.zara.com/de/en/3-pack-of-basic-ribbed-socks-p03992304.html,Pack of three pairs of elastic knit socks with ribbed elastic trims.,"Composition: 65% cotton, 18% polyester, 13% polyamide, 4% elastane"
https://www.zara.com/de/en/w-end-till-3-00-am-w-end-till-8-00-pm-edt-2-x-90ml---3-04-fl-oz-p20210772.html,"Eau de toilette duo set. The fragrance pyramid reveals notes of mandarin, pepper and leather (I) + bergamot, pineapple and violet leaves (II).",
https://www.zara.com/de/en/navy-black-edt-90-ml---3-04%C2%A0oz-p20210753.html,"Eau de toilette. Aromatic woody fragrance with top notes of nectarine, bergamot and grapefruit. With a heart of clary sage and coffee notes, and a base of vetiver, amber and patchouli. A sporty, fresh and luminous fragrance.","Composition: ALCOHOL DENAT., AQUA, PARFUM, LIMONENE, LINALOOL, BENZYL SALICYLATE, BHT, CITRONELLOL, HEXYL CINNAMAL, CITRAL, ALPHA-ISOMETHYL IONONE, COUMARIN, GERANIOL"
https://www.zara.com/de/en/rope-skate-trainers-p12245420.html,"Skate-style trainers. Mixed-material upper. Padded tongue. Rope laces. Pull tab on the back for slipping on with ease. Chunky, irregular sole.",
https://www.zara.com/de/en/for-him-red-edition-intense-parfum-100-ml---3-38-oz-p20210733.html,"A fragrance that takes the iconic original perfume to a new level of refinement.

The vibrant citrus notes of bergamot and grapefruit contrast with a rich woody and spicy signature that creates a unique and powerful aroma.
Completing this sophisticated essence, a trio of Amber, Tonka and Black Vanilla adds a reinvented addiction, revealing a deeper fascination.

A story of greater intensity, bold sensuality and an irresistible appeal for those who are reshaping the boundaries of masculinity.","Composition: ALCOHOL DENAT., FRAGRANCE (PARFUM), WATER (AQUA), TETRAMETHYL ACETYLOCTAHYDRONAPHTHALENES, ETHYLHEXYL METHOXYCINNAMATE, TOCOPHERYL ACETATE, BUTYL METHOXYDIBENZOYLMETHANE, ETHYLHEXYL SALICYLATE, CITRUS AURANTIUM PEEL OIL, LIMONENE, HEXAMETHYLINDANOPYRAN, BENZYL BENZOATE, LINALOOL, ALPHA-ISOMETHYL IONONE, FD&C Yellow No. 5 (CI 19140), D&C Red No. 33 (CI 17200), FD&C Blue No. 1 (CI 42090)"
https://www.zara.com/de/en/-tobacco-collection-infinite-rich-warm-edp-100-ml---3-38%C2%A0oz-p20210748.html,"Oriental eau de parfum. The fragrance pyramid includes notes of rum, white peony and bourbon vanilla. It’s a warm, intense and luminous fragrance.","Composition: ALCOHOL DENAT., PARFUM, AQUA, TETRAMETHYL ACETYLOCTAHYDRONAPHTHALENES, HEXAMETHYLINDANOPYRAN, LINALYL ACETATE, CITRUS AURANTIUM BERGAMIA PEEL OIL, COUMARIN, LIMONENE, VANILLIN, LINALOOL, ETHYLHEXYL METHOXYCINNAMATE, POGOSTEMON CABLIN OIL, CITRUS AURANTIUM PEEL OIL, PINENE, CITRONELLOL, TOCOPHERYL ACETATE, BUTYL METHOXYDIBENZOYLMETHANE, ETHYLHEXYL SALICYLATE, PELARGONIUM GRAVEOLENS FLOWER OIL, ROSE KETONES, Anethole, beta-Caryophyllene, GERANYL ACETATE, CITRAL, CITRUS LIMON PEEL OIL, GERANIOL, CAMPHOR, TERPINOLENE, TERPINEOL, ALPHA-TERPINENE, HEXADECANOLACTONE, BENZYL BENZOATE, SANTALUM ALBUM OIL, CARVONE, SANTALOL, CI 19140, CI 17200, CI 42090"
https://www.zara.com/de/en/textured-comfort-trousers-p00706648.html,Slim-fit trousers made of two-way stretchy fabric. Front pockets and rear welt pockets with button detail. Front zip fly and top button fastening.,"Composition: 63% polyester, 32% viscose, 5% elastane"
https://www.zara.com/de/en/textured-comfort-trousers-p00706648.html,Slim-fit trousers made of two-way stretchy fabric. Front pockets and rear welt pockets with button detail. Front zip fly and top button fastening.,"Composition: 63% polyester, 32% viscose, 5% elastane"
https://www.zara.com/de/en/easy-care-textured-shirt-p07545710.html,"Shirt made of fabric with easy care and everyday maintenance texture.

Regular-fit spread collar shirt featuring long sleeves with buttoned cuffs. Button-up front.","Composition: 70% cotton, 30% polyester"
https://www.zara.com/de/en/basic-slim-fit-t-shirt-p05584361.html,Slim fit T-shirt. Round neck and short sleeve.,"Composition: 95% cotton, 5% elastane"
https://www.zara.com/de/en/basic-slim-fit-t-shirt-p05584361.html,Slim fit T-shirt. Round neck and short sleeve.,"Composition: 95% cotton, 5% elastane"
https://www.zara.com/de/en/stretch-shirt-p04408147.html,Slim fit shirt made of a fabric that minimises the need for ironing after washing. Spread collar and long sleeves with buttoned cuffs. Button-up front.,"Composition: 95% polyester, 5% elastane"
https://www.zara.com/de/en/sunrise-on-the-red-sand-dunes-edp-100ml---3-38%C2%A0oz-p20220240.html,Eau de parfum. Mylene Alran presents a citrus fragrance like a flash in a world of infinite horizons. The fragrance pyramid reveals notes of bergamot and ginger over a halo of mandarin orange. The base reveals amber notes wrapped in orange blossom and blackcurrant.,"Composition: ALCOHOL DENAT., PARFUM, AQUA, LIMONENE, LINALOOL, GERANIOL, COUMARIN, CITRAL, CITRONELLOL, EUGENOL, CINNAMAL, ISOEUGENOL, D&C Red No. 33 (CI 17200)"
https://www.zara.com/de/en/comfort-suit-trousers-p01564301.html,Slim fit trousers in viscose fabric. Front pockets and rear welt pockets. Zip fly and top button fastening.,"Composition: 54% polyester, 39% viscose, 7% elastane"
https://www.zara.com/de/en/stretch-shirt-p04408147.html,Slim fit shirt made of a fabric that minimises the need for ironing after washing. Spread collar and long sleeves with buttoned cuffs. Button-up front.,"Composition: 95% polyester, 5% elastane"
https://www.zara.com/de/en/comfort-suit-trousers-p01564301.html,Slim fit trousers in viscose fabric. Front pockets and rear welt pockets. Zip fly and top button fastening.,"Composition: 54% polyester, 39% viscose, 7% elastane"
https://www.zara.com/de/en/comfort-fit-jogger-waist-trousers-p06861693.html,Regular-fit trousers made of stretch fabric. Elasticated waistband with adjustable drawstring. Side pockets and back welt pocket detail.,"Composition: 64% polyester, 33% viscose, 3% elastane"
https://www.zara.com/de/en/basic-slim-fit-t-shirt-p05584361.html,Slim fit T-shirt. Round neck and short sleeve.,"Composition: 95% cotton, 5% elastane"
https://www.zara.com/de/en/green-savage-blue-spirit-edt-2-x-90-ml---3-17-oz-p20210755.html,"Eau de toilette duo set. The fragrance pyramid reveals notes of lemon, jasmine and patchouli. It’s a fresh, modern and luminous fragrance. (I) + notes of mandarin orange, ylang-ylang and amber. It’s a modern, warm evening fragrance. (II)",
https://www.zara.com/de/en/absolutely-dark-edp-100-ml---3-38%C2%A0oz-p20220261.html,"""The captivating sensuality and deep elegance of black encapsulated in a fragrance."" Created by Marion Costero.

Eau de parfum. Its captivating scent reveals a fascinating blend of invigorating marine and citrus notes. The fragrance is further enhanced by the addition of iris, cashmere wood and sandalwood, giving it a refined and addictive quality. On a base of moss and amber woods.","Composition: ALCOHOL DENAT., FRAGRANCE (PARFUM), WATER (AQUA), BENZOTRIAZOLYL DODECYL P-CRESOL, CAPRYLIC/CAPRIC TRIGLYCERIDE, TRIS(TETRAMETHYLHYDROXYPIPERIDINOL) CITRATE, TOCOPHEROL, PROPYL GALLATE, CITRIC ACID, LINALOOL, CITRONELLOL, LIMONENE, COUMARIN, CITRAL, ISOEUGENOL, CINNAMAL, GERANIOL, EUGENOL, Ext. D&C Violet No. 2 (CI 60730), FD&C Yellow No. 5 (CI 19140), D&C Red No. 33 (CI 17200)"
https://www.zara.com/de/en/sand-desert-at-sunset-edp-100ml---3-38%C2%A0oz-p20220238.html,"Eau de parfum. Benoist Lapouza presents a floral and oriental fragrance that illuminates the last rays of sun before sunset amongst the dunes. The fragrance pyramid reveals top notes of incense and orange on a base of cinnamon, tonka bean and chocolate. The base notes reveal hints of cedar and iris.","Composition: ALCOHOL DENAT., PARFUM, AQUA, BENZOTRIAZOLYL DODECYL P-CRESOL, COUMARIN, LIMONENE, LINALOOL, ALPHA-ISOMETHYL IONONE, CINNAMYL ALCOHOL, CINNAMAL, CITRAL, Ext. D&C Violet No. 2 (CI 60730), D&C Red No. 33 (CI 17200)"
https://www.zara.com/de/en/antique-brown-edp-100ml---3-38%C2%A0oz-p20220259.html,"""A story of freedom represented in a fresh and sophisticated wood."" Created by Honorine Blanc.

Eau de parfum. An ambery, woody fragrance with a sophisticated opening of fresh notes of apple, coconut water and bergamot, which combine with accords of tobacco and honey. Sweet notes of praline and vanilla melt into the liqueur base.","Composition: ALCOHOL DENAT., FRAGRANCE (PARFUM), WATER (AQUA), BENZOTRIAZOLYL DODECYL P-CRESOL, CAPRYLIC/CAPRIC TRIGLYCERIDE, TRIS(TETRAMETHYLHYDROXYPIPERIDINOL) CITRATE, TOCOPHEROL, PROPYL GALLATE, CITRIC ACID, COUMARIN, LINALOOL, LIMONENE, CITRAL, CITRONELLOL, GERANIOL, BENZYL BENZOATE, FD&C Yellow No. 5 (CI 19140), Ext. D&C Violet No. 2 (CI 60730), D&C Red No. 33 (CI 17200)"
https://www.zara.com/de/en/blue-spirit-edt-90-ml---3-04%C2%A0oz-p20210739.html,"Aromatic eau de toilette. The fragrance pyramid reveals notes of mandarin orange, ylang-ylang and amber. It’s a modern, warm evening fragrance.","Composition: ALCOHOL DENAT., AQUA, PARFUM, BENZYL SALICYLATE, ETHYLHEXYL METHOXYCINNAMATE, LINALOOL, COUMARIN, CITRONELLOL, GERANIOL, BHT, ALPHA-ISOMETHYL IONONE, BUTYL METHOXYDIBENZOYLMETHANE, ETHYLHEXYL SALICYLATE, LIMONENE, BENZYL BENZOATE, HEXYL CINNAMAL, EUGENOL, ISOEUGENOL, CINNAMAL, CI 42090, CI 17200"
https://www.zara.com/de/en/seoul-lisboa-edt-2-x-90-ml---3-38%C2%A0oz-p20210754.html,"Eau de toilette duo set. The scent reveals notes of hazelnut, pepper and amber (I) + lemon, green accords and musk (II).",
https://www.zara.com/de/en/for-him-black-edition-edt-100-ml---3-38%C2%A0oz-p20210477.html,"Oriental eau de toilette. The fragrance pyramid reveals notes of nutmeg, orange blossom and cedarwood. It’s a warm, long-lasting and comforting fragrance.","Composition: ALCOHOL DENAT., WATER (AQUA), FRAGRANCE (PARFUM), LIMONENE, LINALOOL, COUMARIN, BENZYL SALICYLATE, CITRONELLOL, BHT, CITRAL, GERANIOL, EUGENOL, CINNAMAL, METHYL 2-OCTYNOATE, ISOEUGENOL"
https://www.zara.com/de/en/-tobacco-collection-intense-dark-exclusive-edp-100-ml---3-38%C2%A0oz-p20210473.html,"Oriental eau de toilette. The fragrance pyramid reveals notes of apple, black pepper and tonka bean. It’s an elegant, warm and intense fragrance.","Composition: ALCOHOL DENAT., AQUA, PARFUM, COUMARIN, LIMONENE, BENZYL SALICYLATE, ETHYLHEXYL METHOXYCINNAMATE, BHT, BUTYL METHOXYDIBENZOYLMETHANE, ETHYLHEXYL SALICYLATE, LINALOOL, CITRAL"
https://www.zara.com/de/en/leather-dress-belt-p02823401.html,"Leather belt. Finished with double topstitching. Metal buckle and loop fastening.

Width: 3.5 cm.",Composition: 100% cow leather
https://www.zara.com/de/en/bogoss-vibrant-leather-edp-100-ml---3-38%C2%A0oz-p20210723.html,"""The first Vibrant Leather for ""le benjamin"" with its fruity touch of pineapple that gives it modernity accompanied by cedar notes giving it a rejuvenating woody touch."" Jérôme Epinette, perfumer of Vibrant Leather.

Fruity woody eau de parfum. The fragrance pyramid includes fruity notes of bergamot, lemon, pineapple and grapefruit, patchouli and leather accords.","Composition: ALCOHOL DENAT., WATER (AQUA), FRAGRANCE (PARFUM), LIMONENE, LINALOOL, TOCOPHERYL ACETATE, CITRAL, GERANIOL"
https://www.zara.com/de/en/oud-vibrant-leather-edp-100-ml---3-38%C2%A0oz-p20210722.html,"""Vibrant Leather Oud is the pure harmony between the tenderness of an oriental accord and the intoxicating sensuality of agarwood notes."" Jérôme Epinette, perfumer of Vibrant Leather.

Woody eau de parfum. The fragrance pyramid includes citrus notes of bergamot, kumquat and apple, incense, geranium, violet, patchouli, oak and oud.","Composition: ALCOHOL DENAT., WATER (AQUA), FRAGRANCE (PARFUM), LIMONENE, LINALOOL, TOCOPHERYL ACETATE, CITRAL, CITRONELLOL, GERANIOL, ISOEUGENOL"
https://www.zara.com/de/en/night-pour-homme-ii-iii-edp-2-x-100ml---3-4-fl-oz---p20210624.html,"A fragrance collection to add the final touch to your outfit, whether elegant, sophisticated or daring. Bringing a dark and intoxicating touch at night, and during the day revealing sparkling and magnetic notes.

NIGHT POUR HOMME II, a modern oriental fougère where seductive and warm spices intermingle with notes of dry woods for an intoxicating scent. The fragrance pyramid reveals fruity top notes of bergamot, grapefruit and lemon wrapped in cardamom, lavender and nutmeg. At the base we find musky and vanilla notes accompanied by cedarwood, amber and tonka bean. An evocative fragrance for the man who asserts his free and carefree personality.

NIGHT POUR HOMME III, a woody fragrance that reveals an elegant and fresh character with an iridescent floral explosion. The fragrance pyramid reveals fruity notes of bergamot and pear, wrapped in iris, osmanthus, coriander and pepper. At the base we find woody notes of sandalwood and cashmere wood accompanied by notes of leather and vetiver. A unique, seductive and irresistible scent.",
https://www.zara.com/de/en/lisboa-edt-90-ml---3-04%C2%A0oz-p20210742.html,"Eau de toilette. The fragrance pyramid includes notes of lemon, green accords and musk. It's a fresh, comfortable and sporty fragrance.","Composition: ALCOHOL DENAT., AQUA, PARFUM, LIMONENE, LINALOOL, ALPHA-ISOMETHYL IONONE, ETHYLHEXYL METHOXYCINNAMATE, BENZYL SALICYLATE, BHT, BUTYL METHOXYDIBENZOYLMETHANE, ETHYLHEXYL SALICYLATE, GERANIOL, CITRAL, CITRONELLOL, EUGENOL, CI 42090, CI 19140, CI 60730, CI 17200"
https://www.zara.com/de/en/-tobacco-intense-dark-exclusive-rich-warm-addictive-edp-2-x-100-ml---2-x-3-38%C2%A0oz-p20210474.html,"A set with two woody eaux de parfum. The scent reveals notes of apple, black pepper and tonka bean. It’s an elegant, warm and intense fragrance (I) + notes of rum, white peony and bourbon vanilla. It’s a warm, intense and luminous fragrance (II).",
https://www.zara.com/de/en/silver-gold-edt-2-x-90-ml---3-04-oz-p20210769.html,"Eau de toilette duo set. The fragrance pyramid reveals notes of lemon, jasmine and patchouli (I) + notes of lemon, cinnamon and palo santo (II).",
https://www.zara.com/de/en/man-silver-blue-spirit-edt-2-x-90-ml---3-04%C2%A0oz-p20210768.html,"Eau de toilette duo set. The fragrance pyramid reveals notes of lemon, jasmine and patchouli. It’s a fresh, modern and luminous fragrance (I) + notes of mandarin, ylang-ylang and amber. It’s a modern, warm evening fragrance (II).",
https://www.zara.com/de/en/vibrant-leather-edp-100-ml---3-38%C2%A0oz-p20210721.html,"Eau de parfum. A balance between the warmth of woody notes and the intensity of leather. Citrus notes of bergamot and lemon blend with bamboo, leather accords and a base of patchouli and papyrus.","Composition: ALCOHOL DENAT., WATER (AQUA), FRAGRANCE (PARFUM), LIMONENE, LINALOOL, TOCOPHERYL ACETATE, CITRAL, CITRONELLOL, GERANIOL"
https://www.zara.com/de/en/comfort-suit-trousers-p01564301.html,Slim fit trousers in viscose fabric. Front pockets and rear welt pockets. Zip fly and top button fastening.,"Composition: 54% polyester, 39% viscose, 7% elastane"
https://www.zara.com/de/en/-tobacco-collection-rich-warm-addictive-edt-100-ml---3-38%C2%A0oz-p20210472.html,"Oriental eau de toilette. The fragrance pyramid reveals notes of rum, white peony and bourbon vanilla. It’s a warm, intense and luminous fragrance.","Composition: ALCOHOL DENAT., AQUA, PARFUM, BENZYL SALICYLATE, ETHYLHEXYL METHOXYCINNAMATE, BHT, BUTYL METHOXYDIBENZOYLMETHANE, ETHYLHEXYL SALICYLATE, CITRONELLOL, GERANIOL, LINALOOL, BENZYL BENZOATE, LIMONENE, BENZYL ALCOHOL, EUGENOL"
https://www.zara.com/de/en/tender-amber-edp-100-ml---3-38%C2%A0oz-p20220257.html,"“Feel the gentleness and refinement of an inviting ambery embrace.” Created by Gaël Montero.

Eau de parfum. An ambery fragrance enveloped in delicate touches of rose and tuberose. The nuances of sweet exotic fruits, along with the sparkle of blackcurrant, make it a juicy and fresh fragrance.","Composition: ALCOHOL DENAT., FRAGRANCE (PARFUM), WATER (AQUA), LIMONENE, BUTYL METHOXYDIBENZOYLMETHANE, BENZYL SALICYLATE, LINALOOL, CITRAL, COUMARIN, CINNAMAL, GERANIOL, CITRONELLOL, FD&C Blue No. 1 (CI 42090), Ext. D&C Violet No. 2 (CI 60730)"
https://www.zara.com/de/en/night-pour-homme-ii-edp-100-ml---3-38%C2%A0oz-p20210547.html,"Oriental eau de parfum. The scent reveals notes of bergamot, lavender and amber. It’s a fresh, long-lasting fragrance for evening wear.","Composition: ALCOHOL DENAT., AQUA, PARFUM, BENZYL SALICYLATE, LIMONENE, ETHYLHEXYL METHOXYCINNAMATE, LINALOOL, COUMARIN, CITRONELLOL, BHT, BUTYL METHOXYDIBENZOYLMETHANE, ETHYLHEXYL SALICYLATE, CITRAL, ALPHA-ISOMETHYL IONONE, HYDROXYCITRONELLAL, GERANIOL"
https://www.zara.com/de/en/for-him-red-edition-edp-100-ml---3-38-oz-p20210479.html,"Oriental eau de parfum. The fragrance pyramid includes notes of orange, amber and evernyl. It is a warm, elegant and luminous fragrance.","Composition: ALCOHOL DENAT., WATER (AQUA), FRAGRANCE (PARFUM), BHT, LIMONENE, LINALOOL"
https://www.zara.com/de/en/for-him-edt-100-ml---3-38%C2%A0oz-p20210476.html,"Oriental eau de toilette. The scent reveals notes of bergamot, cardamom and sandalwood. It’s a warm, modern and intense fragrance.","Composition: ALCOHOL DENAT., WATER (AQUA), FRAGRANCE (PARFUM), ETHYLHEXYL METHOXYCINNAMATE, COUMARIN, ALPHA-ISOMETHYL IONONE, BUTYL METHOXYDIBENZOYLMETHANE, ETHYLHEXYL SALICYLATE, LIMONENE, LINALOOL, BHT, BENZYL SALICYLATE, HYDROXYCITRONELLAL, CITRAL, CITRONELLOL, GERANIOL, FD&C Yellow No. 5 (CI 19140), D&C Red No. 33 (CI 17200), FD&C Blue No. 1 (CI 42090)"
https://www.zara.com/de/en/comfort-suit-blazer-p01564300.html,"Slim fit blazer made from viscose fabric. Featuring a notched lapel collar, long sleeves with buttoned cuffs, a welt chest pocket, flap hip pockets, an inside pocket and back vents. Front button fastening.",
https://www.zara.com/de/en/comfort-suit-blazer-p01564300.html,"Slim fit blazer made from viscose fabric. Featuring a notched lapel collar, long sleeves with buttoned cuffs, a welt chest pocket, flap hip pockets, an inside pocket and back vents. Front button fastening.",
https://www.zara.com/de/en/comfort-suit-blazer-p01564300.html,"Slim fit blazer made from viscose fabric. Featuring a notched lapel collar, long sleeves with buttoned cuffs, a welt chest pocket, flap hip pockets, an inside pocket and back vents. Front button fastening.",
https://www.zara.com/de/en/slim-fit-comfort-trousers-p06861441.html,"Trousers made from highly elastic fabric. Featuring an elastic waistband, front pockets and rear welt pockets. Zip fly and top button fastening.","Composition: 64% polyester, 34% viscose, 2% elastane"
https://www.zara.com/de/en/slim-fit-comfort-trousers-p06861441.html,"Trousers made from highly elastic fabric. Featuring an elastic waistband, front pockets and rear welt pockets. Zip fly and top button fastening.","Composition: 64% polyester, 34% viscose, 2% elastane"
https://www.zara.com/de/en/slim-fit-comfort-trousers-p06861441.html,"Trousers made from highly elastic fabric. Featuring an elastic waistband, front pockets and rear welt pockets. Zip fly and top button fastening.","Composition: 64% polyester, 34% viscose, 2% elastane"
https://www.zara.com/de/en/basic-regular-fit-t-shirt-p05584441.html,Regular fit T-shirt made of stretch cotton. Featuring a round neck and short sleeves.,"Composition: 92% cotton, 8% elastane"
https://www.zara.com/de/en/basic-regular-fit-t-shirt-p05584441.html,Regular fit T-shirt made of stretch cotton. Featuring a round neck and short sleeves.,"Composition: 92% cotton, 8% elastane"
https://www.zara.com/de/en/basic-medium-weight-t-shirt-p01887470.html,Regular fit T-shirt with a round neckline and short sleeves.,Composition: 100% cotton
https://www.zara.com/de/en/basic-medium-weight-t-shirt-p01887470.html,Regular fit T-shirt with a round neckline and short sleeves.,Composition: 100% cotton
